url,word_count,sentence_count,readability,clean_text,quality_label
https://example.com/seo-guide,1542,14,-31.86,Search Engine Optimization is crucial for online visibility. This comprehensive guide covers essential strategies for improving website ranking. Modern SEO involves technical optimization content quality user experience and link building. Understanding your audience is fundamental. Create content that answers questions and solves problems. Use clear concise language that is easy to read. Structure content with proper headings and subheadings. Include relevant keywords naturally without keyword stuffing. Technical SEO ensures search engines can crawl and index your site effectively. Optimize page load speed use responsive design implement structured data and maintain clean URL structures. Regular monitoring and updates keep your SEO strategy effective. Link building remains important but focus on quality over quantity. Social media integration helps amplify your content reach. Mobile optimization is no longer optional as most users browse on mobile devices.,Low
https://example.com/quick-tips,450,11,38.41,Here are essential SEO tips. Use keywords naturally. Create quality content regularly. Build good backlinks from reputable sites. Optimize images with alt text. Ensure fast page loading. Make site mobile friendly. Use meta descriptions effectively. Create XML sitemap. Monitor analytics regularly. Update old content.,Low
https://example.com/content-strategy,850,12,8.04,Developing comprehensive content strategy requires understanding target audience deeply. Research competitors analyze gaps create unique value propositions. Content calendar helps maintain consistency across channels. Quality metrics include engagement time bounce rate conversion rates. A/B testing optimizes headlines calls to action page layouts. User feedback surveys provide insights for improvement. Content types vary including blog posts videos infographics podcasts case studies. Distribution strategy encompasses owned earned paid media channels. SEO integration ensures organic discovery through search engines. Social proof testimonials reviews builds credibility trust. Analytics dashboards track performance guide decisions. Continuous iteration based on data improves results over time.,Low
https://example.com/technical-seo,1234,16,1.65,Technical SEO forms the foundation for search visibility. Site architecture affects crawlability indexing. XML sitemaps help search engines discover pages. Robots.txt controls crawler access. Canonical tags prevent duplicate content issues. Schema markup enhances rich snippets. Page speed impacts rankings user experience. Core Web Vitals measure loading interactivity visual stability. HTTPS security is ranking factor builds trust. Mobile-first indexing prioritizes mobile versions. Structured data enables featured snippets. Internal linking distributes page authority. 404 error handling maintains user experience. Redirect chains slow down crawlers. Log file analysis reveals crawler behavior.,Low
https://example.com/link-building,987,15,13.15,Link building requires strategic approach focusing on quality over quantity. Guest posting on authoritative sites provides valuable backlinks. Broken link building identifies opportunities on other sites. Resource pages link to helpful content. Digital PR generates natural editorial links. Content partnerships create mutual benefits. Infographics attract natural shares links. Original research data attracts citations. Expert roundups engage industry leaders. Testimonials for products you use. HARO queries connect journalists sources. Competitor backlink analysis reveals opportunities. Relationship building with influencers. Local citations improve local SEO. Social media promotion amplifies reach.,Low
https://example.com/content-roi,876,15,20.66,Measuring content marketing ROI involves tracking multiple metrics. Traffic generation indicates reach visibility. Engagement metrics show content resonance. Lead generation conversion rates demonstrate effectiveness. Customer acquisition cost compared to lifetime value. Brand awareness measured through surveys searches. Social shares comments reflect audience interest. Email list growth builds owned audience. Backlinks earned improve domain authority. Time on page indicates content quality. Return visitors show loyalty satisfaction. Attribution modeling credits touchpoints accurately. Revenue attribution connects content to sales. Cost per acquisition justifies investment. Long-term compound effects of evergreen content.,Low
https://example.com/mobile-seo,1156,14,-3.87,Mobile optimization crucial as majority of searches occur on mobile devices. Responsive design adapts to different screen sizes. Mobile page speed affects rankings user experience. Touch-friendly navigation improves usability. Readable font sizes without zooming. Adequate spacing between clickable elements. Optimize images for mobile bandwidth. Minimize pop-ups on mobile. Local SEO particularly important for mobile. Voice search optimization growing rapidly. AMP accelerated mobile pages improve speed. Mobile-first indexing uses mobile version for ranking. Test mobile usability with Google tools. Progressive web apps combine web mobile benefits.,Low
https://example.com/voice-search,789,13,18.33,Voice search changing how users find information online. Conversational queries differ from typed searches. Featured snippets often used for voice answers. Local SEO critical for voice search results. FAQ schema markup helps search engines. Natural language processing understands context. Long-tail keywords match voice queries. Question-based content answers specific queries. Page speed affects voice search results. Mobile optimization essential as most voice searches mobile. Structured data helps search engines understand content. Local business information must be accurate consistent. Review ratings influence voice search rankings.,Low
https://example.com/seo-analytics,1045,15,9.22,Analytics provide insights for SEO strategy optimization. Google Analytics tracks website traffic behavior. Search Console monitors search performance issues. Keyword rankings indicate visibility for target terms. Organic traffic growth measures SEO success. Click-through rates affect rankings traffic. Bounce rate indicates content relevance quality. Pages per session shows site engagement. Conversion tracking measures business impact. Goal completions demonstrate ROI. Custom dashboards visualize key metrics. Segment analysis reveals audience patterns. Attribution modeling credits conversion paths. Competitor analysis benchmarks performance. Regular reporting drives continuous improvement.,Low
https://example.com/local-seo,912,15,18.22,Local SEO helps businesses appear in local search results. Google Business Profile optimization is essential foundation. NAP consistency across directories builds trust. Local citations from relevant directories. Reviews ratings influence local rankings visibility. Location-specific content targets local keywords. Local link building from community organizations. Local schema markup enhances local presence. Geo-targeted landing pages serve specific areas. Local social media engagement builds community. Mobile optimization critical for local searches. Local content marketing attracts local audience. Google Maps optimization improves visibility. Local backlinks from area businesses. Local event participation builds brand awareness.,Low
